"name,""firstname"",""gender"",""userName"",""password"",""profession"",""nationality"",""telephone"",""img"",""email"""
"Clarke,""Anthony Booth"",""Male"",""Alexander"",""OKS23LNX2NX"",""Student"",""Calapan"",""+212788582669"",""10"",""anthonybooth-clarke2474@icloud.com"""
"Brynne,""Xaviera Crane"",""Female"",""William"",""AYT82JQF1JQ"",""Student"",""Dublin"",""+212374488753"",""11"",""brynne.xavieracrane@protonmail.ca"""
"Justin,""Ivory Lucas"",""Male"",""Mcintyre"",""KFO87KWX2YK"",""Student"",""Chongqing"",""+212272531424"",""12"",""ijustin9430@aol.org"""
"Bruce,""Leandra Stokes"",""Female"",""Spears"",""ISL79YBK4PR"",""Student"",""Iquitos"",""+212233566183"",""13"",""leandrastokes_bruce@protonmail.edu"""
"Rhoda,""Emily Rush"",""Male"",""Hudson"",""VIM21WZT8SO"",""policeman"",""Denderwindeke"",""+212624927154"",""14"",""rhodaemilyrush@outlook.com"""
"Brenda,""Echo Cunningham"",""Female"",""Harrell"",""XLC93LVT1TE"",""Student"",""Cherkasy"",""+212226724363"",""15"",""e-brenda@yahoo.net"""
"Iola,""Bruce Deleon"",""Male"",""Callahan"",""RLX26KHQ3FO"",""Student"",""Rio de Janeiro"",""+212752453376"",""16"",""b_iola@icloud.ca"""
"Nita,""Grant Sloan"",""Female"",""O'brien"",""LRL76VYA9IT"",""Student"",""Lviv"",""+212926142224"",""17"",""grantsloan-nita5551@google.net"""
"Paul,""Sonia Jennings"",""Male"",""Cohen"",""JLF63HNI5ME"",""lawyer"",""Miryang"",""+212734657386"",""18"",""soniajennings.paul4785@outlook.com"""
"Hillary,""Aline Snyder"",""Female"",""Christian"",""ODN76ZXB8WV"",""Student"",""Oslo"",""+212325529658"",""19"",""halinesnyder@icloud.com"""
"Adele,""Martina Robles"",""Male"",""Ortega"",""WOQ05GMI4EJ"",""Student"",""Chuncheon"",""+212142991761"",""20"",""martinarobles-adele5538@yahoo.org"""
"Ian,""William Perez"",""Female"",""Stark"",""XYX37VRC9YC"",""cook"",""PiÅ½train"",""+212261726645"",""21"",""ian-williamperez654@hotmail.com"""
"Noelani,""Whilemina Roberson"",""Male"",""Gould"",""BMI10SZJ7MR"",""Student"",""Traiskirchen"",""+212898545884"",""22"",""n-whileminaroberson@hotmail.couk"""
"Richard,""Baxter Arnold"",""Female"",""Bauer"",""XME03TFS1OJ"",""Student"",""Bengkulu"",""+212362224964"",""23"",""r-baxterarnold1305@outlook.edu"""
"Amelia,""Bryar Lynn"",""Male"",""Knowles"",""BGV22CFW1MD"",""Student"",""Pondicherry"",""+212327273725"",""24"",""bryarlynn-amelia5246@outlook.org"""
"Camille,""Blake Stevens"",""Female"",""Franklin"",""IQW71CQE1RO"",""Nurse"",""Western Water Catchment"",""+212547649555"",""25"",""camilleblakestevens3875@aol.edu"""
"Wang,""Hanae Phillips"",""Male"",""Wilkerson"",""DEY33MOV6ZQ"",""hairdresser"",""Katsina"",""+212174337595"",""26"",""h.wang@google.org"""
"Audrey,""Renee Bowen"",""Female"",""Bradley"",""HKT87IHK1NL"",""plumber"",""Manizales"",""+212616577772"",""27"",""audrey_reneebowen@protonmail.couk"""
"Lee,""Kellie Frye"",""Male"",""Patrick"",""JTA06EWH5FO"",""Student"",""YahyalÄ±"",""+212755583334"",""28"",""l_kelliefrye@aol.edu"""
"Elijah,""Lee Logan"",""Female"",""Hogan"",""EHF48SIQ1IT"",""Student"",""San JosÃ© de Alajuela"",""+212387879776"",""29"",""leelogan-elijah@icloud.org"""
"Ivan,""Margaret Mullins"",""Male"",""Boyer"",""GBA15UHQ4OV"",""Student"",""Montrose"",""+212757838821"",""30"",""i_margaretmullins2242@protonmail.net"""
"Wesley,""Jared Jordan"",""Female"",""Moran"",""XXC88GPV7YW"",""baker"",""GuÃ¡piles"",""+212523657236"",""31"",""j.wesley2609@hotmail.com"""
"Irene,""Geoffrey Barr"",""Male"",""Frazier"",""RUD74QAN5LL"",""Student"",""ViranÅŸehir"",""+212433272772"",""32"",""irene.geoffreybarr8022@hotmail.edu"""
"Cathleen,""Chelsea Johns"",""Female"",""Franklin"",""LBX58RTC1VT"",""Student"",""Cagayan de Oro"",""+212888215585"",""33"",""ccathleen1267@hotmail.org"""
"Jada,""Cody Burke"",""Male"",""Hancock"",""PSN10GUU7MT"",""Student"",""Okigwe"",""+212528537234"",""34"",""c_jada@icloud.ca"""
"Whoopi,""Petra Aguirre"",""Female"",""Osborne"",""MLX25TMX6LS"",""Judge"",""San Vicente del CaguÃ¡n"",""+212842743739"",""35"",""wpetraaguirre2263@aol.couk"""
"Lysandra,""Nerea Bauer"",""Male"",""Sharpe"",""RBE40GKQ8UA"",""engineer"",""Murmansk"",""+212218655685"",""36"",""lnereabauer@yahoo.org"""
"Sawyer,""Kasimir Shannon"",""Female"",""Patel"",""FZN52NXG4QV"",""Student"",""Vaux-sous-ChÅ½vremont"",""+212885411668"",""37"",""kasimirshannonsawyer@icloud.org"""
"Lamar,""Scarlet Murphy"",""Male"",""Jordan"",""KNS81MLU3OX"",""Student"",""Chandigarh"",""+212638879365"",""38"",""scarletmurphy-lamar5526@outlook.com"""
"Felix,""Graham Woods"",""Female"",""Mcgowan"",""LQP11BHP8HM"",""lawyer"",""Matamata"",""+212746758445"",""39"",""felix.grahamwoods@protonmail.couk"""
"Baker,""Wynne Robertson"",""Male"",""Sharp"",""OWH51EWJ1OG"",""Student"",""Los Muermos"",""+212987984154"",""40"",""bwynnerobertson1342@protonmail.com"""
"Clare,""Violet Schwartz"",""Female"",""Kramer"",""XOW44DHD8AO"",""Student"",""Uitenhage"",""+212273527689"",""41"",""cvioletschwartz114@yahoo.org"""
"Ulla,""Rowan Pope"",""Male"",""Mack"",""RSN06NOI4NR"",""Student"",""SandnessjÃ¸en"",""+212788244693"",""42"",""ulla-rowanpope5625@hotmail.couk"""
"Jaime,""Ebony Carlson"",""Female"",""Wagner"",""DUL45MRR5UW"",""Student"",""Kohima"",""+212143513194"",""43"",""j-ebonycarlson9951@outlook.ca"""
"Hanna,""Ayanna Justice"",""Male"",""Roach"",""PZP34QBW6FJ"",""Student"",""Castelbaldo"",""+212728592822"",""44"",""h.ayannajustice@aol.org"""
"Lee,""Cadman Murray"",""Female"",""Nolan"",""RWU35HNR9MH"",""Student"",""EÅ‚k"",""+212846567325"",""45"",""l.cadmanmurray2682@aol.couk"""
"Charissa,""Jeremy Harmon"",""Male"",""Kramer"",""JVX24JJP3OC"",""Data Analyst"",""Malaybalay"",""+212942883228"",""46"",""jeremyharmon_charissa@outlook.couk"""
"Lamar,""Denise Baxter"",""Female"",""Vazquez"",""DPM73ENN9QN"",""Student"",""Guadalajara"",""+212882422246"",""47"",""lamar-denisebaxter@outlook.couk"""
"Carter,""Orlando Orr"",""Male"",""Castillo"",""YCV32PPX5RR"",""Student"",""General Lagos"",""+212638542769"",""48"",""c.orlandoorr@outlook.net"""
"Hillary,""Hillary Oneil"",""Female"",""Sawyer"",""QTK80MKI6FK"",""secretary"",""Ãguas Lindas de GoiÃ¡s"",""+212587496871"",""49"",""hillaryoneil-hillary@google.com"""
"Phelan,""Doris Pittman"",""Male"",""Barrera"",""BXR23FPY6KX"",""journalist"",""Drammen"",""+212885776139"",""50"",""phelan.dorispittman3052@google.com"""
"Mason,""Sasha Glover"",""Female"",""Sosa"",""YBZ81XQI0XW"",""Student"",""JÃ¶nkÃ¶ping"",""+212731149141"",""10"",""sashaglover.mason7591@yahoo.org"""
"Alden,""Idona Bray"",""Male"",""Pittman"",""FWQ46ISF5OR"",""Student"",""Camarones"",""+212525322725"",""11"",""a_idonabray@outlook.com"""
"Colette,""Levi Dodson"",""Female"",""Moody"",""WMM28OTJ1ZU"",""Student"",""Jeju"",""+212968153769"",""12"",""levidodson_colette@aol.net"""
"Oren,""Nathan Gates"",""Male"",""Harrison"",""VGK07UCG3DP"",""Student"",""Cedar Rapids"",""+212837755457"",""13"",""o-nathangates1079@hotmail.couk"""
"Edan,""Kieran Ayers"",""Female"",""Snow"",""LYC22VZC7HF"",""policeman"",""Qambar Shahdadkot"",""+212564573257"",""14"",""kieranayersedan@yahoo.edu"""
"Griffith,""Chester Willis"",""Male"",""Middleton"",""IXB50CTK1QI"",""Student"",""Canberra"",""+212255819437"",""15"",""g.chesterwillis779@icloud.com"""
"Ann,""Britanni Little"",""Female"",""Shannon"",""FYQ34RJO0QH"",""Student"",""Timaru"",""+212475596813"",""16"",""ann.britannilittle7896@aol.ca"""
"Eliana,""Asher Vang"",""Male"",""Sparks"",""UBT20VYI1FT"",""Student"",""Digos"",""+212154435985"",""17"",""ashervang_eliana@yahoo.couk"""
"Dominique,""Wing Daniel"",""Female"",""Raymond"",""NXQ22YDM5NV"",""lawyer"",""Sialkot"",""+212737759772"",""18"",""d_wingdaniel7253@icloud.com"""
"Quintessa,""Hammett Forbes"",""Male"",""Burns"",""RFZ68NGP6XE"",""Student"",""KarapÄ±nar"",""+212361514864"",""19"",""q.hammettforbes4031@icloud.net"""
"Akeem,""Clark Hardin"",""Female"",""Fuentes"",""JRQ86CYG3BY"",""Student"",""Belfast"",""+212587334185"",""20"",""akeem_clarkhardin6906@hotmail.org"""
"Byron,""Quail Harvey"",""Male"",""Vargas"",""JLH16XPT8WK"",""cook"",""Simpang"",""+212532156182"",""21"",""b.quailharvey@google.edu"""
"Nasim,""Kay Le"",""Female"",""Wright"",""SOJ34TTY5DF"",""Student"",""Calbayog"",""+212562786224"",""22"",""nkayle@hotmail.net"""
"Colorado,""Kay Pacheco"",""Male"",""Peterson"",""IWM54CYV4JA"",""Student"",""Sankt Ingbert"",""+212461875356"",""23"",""c-kaypacheco6778@google.couk"""
"Xandra,""Yvonne Hale"",""Female"",""Mcpherson"",""FVI91ENB4XW"",""Student"",""Shreveport"",""+212787778862"",""24"",""y_xandra9846@outlook.net"""
"Catherine,""Quinn Pennington"",""Male"",""Elliott"",""QRD25DIL4ME"",""Nurse"",""Yunnan"",""+212469378647"",""25"",""cquinnpennington5150@google.org"""
"Delilah,""Shafira Middleton"",""Female"",""Shepard"",""YEE65MBU6OL"",""hairdresser"",""EÅ‚k"",""+212552379854"",""26"",""shafiramiddleton.delilah@google.org"""
"Michael,""Peter Mullen"",""Male"",""Larsen"",""DRS22HMT1GX"",""plumber"",""Silvassa"",""+212681273786"",""27"",""m-petermullen5455@aol.net"""
"Lars,""Hedley Stanton"",""Female"",""Trujillo"",""VEJ42VRU1DF"",""Student"",""Santander"",""+212426987479"",""28"",""larshedleystanton9513@yahoo.ca"""
"Jesse,""Leigh May"",""Male"",""Smith"",""NFY90VTN1QH"",""Student"",""Canberra"",""+212487857668"",""29"",""jleighmay@outlook.net"""
"Kyle,""Kameko Barrera"",""Female"",""Hines"",""DAX54GTY1UE"",""Student"",""La Cisterna"",""+212256445689"",""30"",""kkamekobarrera@hotmail.com"""
"David,""Iris House"",""Male"",""Grant"",""VCQ53VCL8VI"",""baker"",""Vehari"",""+212214481286"",""31"",""irishouse-david8879@icloud.edu"""
"Kermit,""Fatima Campbell"",""Female"",""Bass"",""KHS11QNP0EJ"",""Student"",""Alajuela"",""+212141275777"",""32"",""fatimacampbell.kermit5563@outlook.ca"""
"Kato,""Amir Delgado"",""Male"",""Nieves"",""YRT82FKK7UV"",""Student"",""TÃ¢y Ninh"",""+212465964716"",""33"",""kamirdelgado@aol.com"""
"Hanna,""Vanna Webb"",""Female"",""Gibbs"",""VIU47JHL5RC"",""Student"",""Fujian"",""+212528316475"",""34"",""hanna_vannawebb@aol.org"""
"Dillon,""Xenos Dotson"",""Male"",""Carson"",""YMU83SEO8ZG"",""Judge"",""Rockhampton"",""+212563463657"",""35"",""xenosdotson.dillon@protonmail.ca"""
"Noel,""Lani Juarez"",""Female"",""Mcguire"",""DKK03LEL8WB"",""engineer"",""SÃ£o LuÃ­s"",""+212851442914"",""36"",""noel-lanijuarez580@hotmail.net"""
"Danielle,""Noelle Byers"",""Male"",""Mcmahon"",""AJO15OVY8LD"",""Student"",""Kohlu"",""+212179816617"",""37"",""d_noellebyers683@outlook.couk"""
"Charles,""Palmer Wall"",""Female"",""Frazier"",""ABN40SGD6YT"",""Student"",""Schwalbach"",""+212399837355"",""38"",""palmerwallcharles@yahoo.org"""
"Upton,""Zelenia Kirkland"",""Male"",""Shannon"",""CSH48DXC4BI"",""lawyer"",""Cheongju"",""+212386724533"",""39"",""zeleniakirkland.upton@google.ca"""
"Kalia,""Ethan Lara"",""Female"",""Landry"",""PLF45QDK5GX"",""Student"",""Birecik"",""+212324571358"",""40"",""k.ethanlara@google.net"""
"Mason,""Orson Miranda"",""Male"",""Lloyd"",""WLE57HSN2VX"",""Student"",""Punitaqui"",""+212222136651"",""41"",""m.orsonmiranda2661@outlook.org"""
"Tanek,""Whoopi Robinson"",""Female"",""Villarreal"",""XNN83HSD2RN"",""Student"",""Puerto Princesa"",""+212661948458"",""42"",""t.whoopirobinson@hotmail.edu"""
"Madeline,""Gail Valencia"",""Male"",""Austin"",""ROT25ERZ0GB"",""Student"",""Birmingham"",""+212887884757"",""43"",""g_madeline@aol.edu"""
"Halee,""Keegan Deleon"",""Female"",""Grant"",""FUA78MFV6LH"",""Student"",""Ceuta"",""+212834423323"",""44"",""keegandeleonhalee@google.edu"""
"Dante,""Ronan Woodard"",""Male"",""Lindsey"",""SXN64SMG9BG"",""Student"",""Paulista"",""+212624138255"",""45"",""r-dante@protonmail.com"""
"Wade,""Joelle Butler"",""Female"",""Perkins"",""TOZ57HLE5FG"",""Data Analyst"",""Ceuta"",""+212424863586"",""46"",""j.wade5548@aol.edu"""
"Yoshi,""Cullen Lowery"",""Male"",""Rosario"",""YEZ22ZLW6TL"",""Student"",""Dunedin"",""+212374573384"",""47"",""c_yoshi@hotmail.couk"""
"Zelenia,""Gregory Johnston"",""Female"",""Bell"",""NQN76NGM6HT"",""Student"",""Changi"",""+212428766573"",""48"",""gzelenia943@hotmail.net"""
"Roary,""Elijah Mcgee"",""Male"",""Johnston"",""TKP22JJJ2IV"",""secretary"",""La Pintana"",""+212543785894"",""49"",""elijahmcgee_roary5418@google.org"""
"Theodore,""Brent Merritt"",""Female"",""Padilla"",""QLC68GJG7HD"",""journalist"",""Otukpo"",""+212762383785"",""50"",""tbrentmerritt6562@protonmail.couk"""
"Finn,""Sigourney Langley"",""Male"",""Carney"",""SRN76FLB0RJ"",""Student"",""St. John's"",""+212162847388"",""10"",""finn-sigourneylangley6312@outlook.edu"""
"Nicholas,""Beau Blankenship"",""Female"",""Rush"",""LJO76BCH6ZE"",""Student"",""Odessa"",""+212528786627"",""11"",""beaublankenship_nicholas6494@protonmail.net"""
"Maggie,""Julie Kane"",""Male"",""Mullins"",""NDC43LMV7VO"",""Student"",""GarzÃ³n"",""+212765816324"",""12"",""maggie_juliekane1612@protonmail.com"""
"Kristen,""Kimberly Brown"",""Female"",""Rivers"",""SQC05SNJ6IP"",""Student"",""Bacolod"",""+212974382683"",""13"",""kimberlybrown-kristen@aol.org"""
"Barclay,""Ella Kim"",""Male"",""Huber"",""BTO92KMK8VC"",""policeman"",""Dublin"",""+212494443563"",""14"",""e.barclay@aol.net"""
"Tanya,""Stone Thornton"",""Female"",""Gillespie"",""TPT24WBD6CH"",""Student"",""Goes"",""+212285585269"",""15"",""stonethornton_tanya@icloud.com"""
"Jack,""Fulton Wise"",""Male"",""Weber"",""DPQ38NSG7BD"",""Student"",""Sokoto"",""+212973735917"",""16"",""fultonwise.jack@google.ca"""
"Gisela,""Keaton Fleming"",""Female"",""Macias"",""QBO38ZIM8AY"",""Student"",""Esterzili"",""+212655782335"",""17"",""keatonfleming.gisela@protonmail.edu"""
"Dorian,""Jeremy Carroll"",""Male"",""Dalton"",""LJV87INJ4WG"",""lawyer"",""Caucaia"",""+212671117888"",""18"",""jeremycarroll-dorian3583@outlook.edu"""
"Quinn,""Thor Hartman"",""Female"",""Rice"",""CWY37KWI0PT"",""Student"",""LinkÃ¶ping"",""+212625835653"",""19"",""q_thorhartman7940@icloud.com"""
"Allegra,""Kevin Roth"",""Male"",""Mcbride"",""SMM30KPP3TS"",""Student"",""Zeist"",""+212856433453"",""20"",""a.kevinroth7191@icloud.edu"""
"Alyssa,""Cameran Marquez"",""Female"",""Beasley"",""RQN79CYP2VG"",""cook"",""Orizaba"",""+212435521779"",""21"",""alyssa.cameranmarquez@icloud.org"""
"Barclay,""Fulton Vang"",""Male"",""Hodge"",""SVX86BYS3UY"",""Student"",""Ivanovo"",""+212737873359"",""22"",""fultonvang.barclay@protonmail.couk"""
"Noble,""Hyatt Whitaker"",""Female"",""Pugh"",""FVL98LUV4GH"",""Student"",""Calbayog"",""+212235983715"",""23"",""noblehyattwhitaker3107@outlook.couk"""
"Micah,""Bree Everett"",""Male"",""Webster"",""EYM53WHY1BK"",""Student"",""Kano"",""+212626982842"",""24"",""b_micah@icloud.couk"""
"Rhiannon,""Owen Hatfield"",""Female"",""Mcpherson"",""VQO99VXK5GK"",""Nurse"",""Moncton"",""+212536185786"",""25"",""r-owenhatfield@aol.couk"""
"Neil,""Michelle Williamson"",""Male"",""Page"",""JSK42QGW8WF"",""hairdresser"",""Berlin"",""+212544863126"",""26"",""michellewilliamson.neil7721@icloud.couk"""
"Jordan,""Igor Mccray"",""Female"",""Mcbride"",""XNY17MFV5NO"",""plumber"",""Haridwar"",""+212597654487"",""27"",""igormccray_jordan6826@outlook.com"""
